query,original_chunk,hit_score,original_chunk_found,rank,retrieval_time
Wells Fargo corporate code of ethics and conduct.,"Title: Code of Conduct

URL Source: https://www.wellsfargo.com/assets/pdf/about/corporate/code-of-conduct.",0,False,Not in top k,0.8593878746032715
CEO message on Code of Conduct,"wellsfargo.com/assets/pdf/about/corporate/code-of-conduct.pdf

Markdown Content:
# Code of Conduct 

# Published April 2023 Table of contents 

Introduction 

Code of Conduct – Message from the CEO .",0,False,Not in top k,0.811572790145874
What are Wells Fargo's diversity and inclusion policies?,"3

Our Code . 4

Our culture . 5

Who we are . 5

Diversity, equity, and inclusion . 5

Decision making 

Questions to ask . 6

Seek guidance when uncertain .",0,False,Not in top k,0.8371598720550537
What are my responsibilities when reporting misconduct?,"5

Decision making 

Questions to ask . 6

Seek guidance when uncertain . 6

Speaking up 

Resources to report potential misconduct . 7

Reporting channels . 7

Duty to cooperate .",0,False,Not in top k,0.8120486736297607
Reporting channels for accounting and auditing concerns,"7

Reporting channels . 7

Duty to cooperate . 7

Reporting concerns that are not misconduct . 7

Nonretaliation commitment . 8

Accounting, internal controls, or auditing matters .",1,True,1,0.8198225498199463
Reporting safety concerns to management.,"8

Accounting, internal controls, or auditing matters . 8

Safety concerns . 8

Required employee self-reporting . 8

Do what is right 

Upholding our ethical and legal obligations .",1,True,1,0.8137469291687012
What are examples of conflicts of interest in the workplace.,"8

Do what is right 

Upholding our ethical and legal obligations . 9

Identify and avoid conflicts of interest . 9

Manage, mitigate, disclose, or pre-clear conflicts . 9

Examples of potential conflicts .",0,False,Not in top k,0.8433840274810791
what are examples of potential conflicts of interest,"mitigate, disclose, or pre-clear conflicts . 9

Examples of potential conflicts . 10 

Fair and honest business dealings . 13 

Insider trading and other trading restrictions . 13 

Anti-bribery and anti-corruption .",1,True,1,0.9398040771484375
Anti-bribery and anti-corruption policies worldwide,"13 

Anti-bribery and anti-corruption . 14 

Competition and antitrust laws . 14 

Global compliance . 15 

Financial crimes and money laundering . 15 

Sanctions, embargos,",1,True,1,0.8771045207977295
Wells Fargo asset protection policies,"15 

Financial crimes and money laundering . 15 

Sanctions, embargos, and antiboycott . 15 

Protecting Wells Fargo assets . 16 

Information security and electronic . . 

communications .",0,False,Not in top k,0.842958927154541
Information security and electronic communications policy,"16 

Information security and electronic . . 

communications . 16 

Intellectual property . 17 

Accurate records and disclosures . 17 

Our workplace . 18 

Anti-harassment and anti-discrimination .",1,True,1,0.8446455001831055
Valuing human rights in the workplace.,"17 

Our workplace . 18 

Anti-harassment and anti-discrimination . 18 

Hiring and advancement opportunities . 18 

Workplace safety . 18 

Human rights 

Valuing human rights .",1,True,1,0.820854663848877
Valuing human rights in the workplace safety policy.,"18 

Workplace safety . 18 

Human rights 

Valuing human rights . 18 

Closing thoughts . 19 

Waivers and exceptions . 19 

Violations .",1,True,1,0.824822187423706
Wells Fargo financial services institutions description,"18 

Closing thoughts . 19 

Waivers and exceptions . 19 

Violations . 19 

> 2 of 19 Code of Conduct

# Code of Conduct – Message from the CEO 

As one of the world’s largest financial services institutions,",0,False,Not in top k,0.8226933479309082
Wells Fargo business conduct and customer service standards.,"the work we do at Wells Fargo brings real responsibility. It requires that we act with the highest standards of trust and integrity. 

Each day we make decisions in how to conduct our business and serve our customers and communities.",0,False,Not in top k,0.8329441547393799
What guides employee behavior at Wells Fargo?,"Each day we make decisions in how to conduct our business and serve our customers and communities. This Code of Conduct, together with our Employee Handbook and other company policies, guides us in how to do the right thing in the right way.",0,False,Not in top k,0.8163080215454102
Accountability for employee actions and decisions.,"Wells Fargo does not tolerate unethical behavior. We are all responsible for our actions and the decisions we make, and we must hold each other accountable for the outcomes of those actions and decisions.",0,False,Not in top k,0.8074674606323242
CEO thanking employees for commitment to Code of Conduct,"Thank you for your commitment to our Code of Conduct, and thank you for the work you do to support our success. 

Charles W. Scharf 

CEO,",1,True,1,0.8974347114562988
Wells Fargo CEO Code of Conduct requirements,"Charles W. Scharf 

CEO, Wells Fargo & Company Our Code 

Our Code of Conduct (Code) applies to all employees, including executive officers,",1,True,1,0.8318819999694824
Wells Fargo Board of Directors definition,"including executive officers, and in some cases the Board of Directors of Wells Fargo & Company (collectively referred to in this document as “the Board”).",1,True,1,0.8378312587738037
Compliance with company policies and applicable laws.,"Employees are expected to adhere to the Code, Employee Handbook, and company policies and to comply with applicable laws and regulations.",1,True,1,0.8393807411193848
What happens if company policies conflict with local laws?,"Wells Fargo operates globally, and if, at any time, the Code 1 or our policies differ with local laws and regulations, the more restrictive guidance applies. 

Whenever an expectation is unclear, employees should speak with their manager.",1,True,1,0.8542706966400146
What to do when an expectation is unclear at work.,"Whenever an expectation is unclear, employees should speak with their manager. If employees are uncomfortable speaking with their manager they can contact Employee Relations (ER), or the Ethics Office.",1,True,1,0.8284378051757812
Third party vendors integrity standards compliance requirements,"Wells Fargo seeks to engage third parties and contingent resources that share our commitment to honesty and integrity, and act in a manner consistent with the Code.",0,False,Not in top k,0.8129098415374756
What are my responsibilities under the Employee Code of Conduct?,"# Accountability 

All employees and the Board have a role in maintaining the trust of our customers and stakeholders and complying with applicable laws and regulations. Employees are expected to: 

• Abide by the Code and seek guidance when uncertain.",0,False,Not in top k,0.8272705078125
What are Wells Fargo's employee code of conduct expectations?,"Employees are expected to: 

• Abide by the Code and seek guidance when uncertain. 

• Comply with company policies. 

• Represent Wells Fargo accurately and professionally. 

• Manage risk in alignment with the company’s Risk Management Framework.",1,True,1,0.8417222499847412
Leaders risk management responsibility,"• Manage risk in alignment with the company’s Risk Management Framework. 

As leaders, managers have an even greater level of responsibility.",1,True,1,0.8451952934265137
Managers' responsibilities in leading with integrity.,"As leaders, managers have an even greater level of responsibility. In addition to their responsibilities as employees, managers are expected to: 

• Lead with integrity, demonstrating and reinforcing the Code.",1,True,1,0.8647270202636719
What is Wells Fargo's policy on speaking up without retaliation?,"• Help employees understand the importance of following the Code and policies. 

• Hold their employees accountable for adhering to the Code and policies. 

• Foster a work environment where employees feel comfortable speaking up without fear of retaliation.",0,False,Not in top k,0.8219749927520752
Reporting misconduct anonymously without fear of retaliation.,"• Foster a work environment where employees feel comfortable speaking up without fear of retaliation. 

• Listen to employees and report concerns that may be misconduct as soon as possible, with appropriate confidentiality. 

• Develop high performing teams.",1,True,1,0.8241188526153564
What language versions of the Code of Conduct exist?,"• Develop high performing teams.  

> 1The Code is translated into several languages. If there is a conflict or inconsistency between the translations, the English version prevails, where applicable.
> 4 of 19 Code of Conduct
>",1,True,1,0.8666293621063232
What is our company culture like at Wells Fargo?,"> 4 of 19 Code of Conduct
> TOC  Decision making  Speak Up Introduction  Do what is right  Closing

# Our culture 

# Who we are 

Wells Fargo is committed to a culture that attracts and retains the",0,False,Not in top k,0.8236620426177979
Company culture and values at Wells Fargo.,"culture 

# Who we are 

Wells Fargo is committed to a culture that attracts and retains the best people who help us become a better, stronger company.",1,True,1,0.8201837539672852
Risk Management Framework company culture components,"a culture that attracts and retains the best people who help us become a better, stronger company. Adherence to the Risk Management Framework and effective risk management are key components of our company’s culture.",1,True,1,0.8241124153137207
What drives our customer-centric company culture?,Our culture is also guided by a customer-centric focus informed by employee engagement and feedback and reinforced by clear employee expectations.,1,True,1,0.8292405605316162
What are Wells Fargo's employee expectations?,"Our employee expectations are designed to be clear and straightforward, to drive the highest standards of integrity and operational excellence, and to provide guidance for doing what’s right and doing it well.",1,True,1,0.8643844127655029
Champion diversity equity and inclusion policy,"These expectations are: 

• Embrace candor 

• Do what’s right 

• Be great at execution 

• Learn and grow 

• Champion diversity, equity, and inclusion 

• Build high-performing teams ( for managers )

# Diversity,",1,True,1,0.8760392665863037
Building diverse high performing teams at Wells Fargo.,"equity, and inclusion 

• Build high-performing teams ( for managers )

# Diversity, equity, and inclusion 

We are committed to creating a culture with broad representation of who we are, how we think, and how we make decisions.",1,True,1,0.847592830657959
Increasing diverse representation in the company culture.,"how we think, and how we make decisions. We are focused on increasing diverse representation at all levels of the company through an inclusive culture and workplace environment; better serving and growing relationships with diverse customers in each line of business; and supporting our spend with diverse suppliers company-wide.",1,True,1,0.8141562938690186
Wells Fargo expectations for diversity and inclusion.,"One of our expectations is to champion diversity, equity, and inclusion.",1,True,1,0.8122353553771973
Benefits of a diverse workforce at Wells Fargo.,"One of our expectations is to champion diversity, equity, and inclusion. We believe a diverse and inclusive workforce drives creativity, insight, and innovation in our business, and allows us to respond effectively to the evolving needs of our customers, colleagues, and communities.",1,True,1,0.8477702140808105
Creating a safe and inclusive workplace environment.,"Employees are encouraged to: 

• Contribute to a safe, inclusive environment where differences are respected. 

• Educate themselves about unconscious bias. 

• Solicit diverse ideas that challenge thinking. 

> 5 of 19 Code of",1,True,1,0.8487000465393066
Challenge thinking in decision making processes,"• Solicit diverse ideas that challenge thinking. 

> 5 of 19 Code of Conduct
> TOC  Decision making  Speak Up Introduction  Do what is right  Closing

# Decision making 

Wells Fargo’s employees make decisions each",1,True,1,0.8394665718078613
What decisions should I make if they don't align with the Code?,"Do what is right  Closing

# Decision making 

Wells Fargo’s employees make decisions each day and must evaluate whether those decisions align with the Code. 

If the answer to any of these questions is no, do not proceed .",1,True,1,0.8705511093139648
When should I seek guidance on a workplace decision?,"with the Code. 

If the answer to any of these questions is no, do not proceed .

# Seek guidance when not sure 

While every decision matters, no single document can cover every possible situation or govern every decision made in the workplace.",1,True,1,0.9074311256408691
Is employee code guidance provided by manager legal,"Employees are expected to use good judgement in applying the Code. If they are uncertain of the right course of action, they should seek guidance from their manager. 

Questions to ask: 

1) Is it legal?",1,True,1,0.8945226669311523
Compliance with Wells Fargo's Code of Conduct and policies.,"Questions to ask: 

1) Is it legal? 

2) Does it comply with Wells Fargo’s Code of Conduct and policies? 

3) Is it consistent with our expectations?",0,False,Not in top k,0.9106199741363525
Is our decision consistent with customer and shareholder obligations?,"3) Is it consistent with our expectations? 

4) Does it align with our obligations to our customers or shareholders? 

5) Are we comfortable if our decision is made public? 

Yes to all. 

Decision is likely 

ethical.",1,True,1,0.9408454895019531
What is the correct response when unsure about a decision?,"Yes to all. 

Decision is likely 

ethical. 

Not sure. 

Seek guidance. 

No to any. 

Do not 

proceed. 

> TOC  Decision making  Speak Up Introduction  Do what is right",1,True,1,0.8410153388977051
What is right in decision making at Wells Fargo,"> TOC  Decision making  Speak Up Introduction  Do what is right  Closing

Related resources include: 

• Ethics site on Teamworks 

• Policies and procedures 

• Employee Relations 

• Legal Department 

• Control Management or Independent Risk Management",0,False,Not in top k,0.8114011287689209
Reporting misconduct in the workplace immediately,"Policies and procedures 

• Employee Relations 

• Legal Department 

• Control Management or Independent Risk Management contacts 

• Ethics Office 

> 6 of 19 Code of Conduct

# Speaking up 

Employees are responsible for speaking up promptly when becoming aware of",0,False,Not in top k,0.8089797496795654
Reporting misconduct in the Code of Conduct,"Code of Conduct

# Speaking up 

Employees are responsible for speaking up promptly when becoming aware of potential misconduct, including potential violations of the Code, even if the employee is not directly involved or affected by the behavior.",1,True,1,0.8175210952758789
Investigating allegations of misconduct in the workplace.,"even if the employee is not directly involved or affected by the behavior. Allegations of misconduct are investigated and managed in an objective, thorough, consistent, and timely manner with the goal of understanding and resolving concerns.",1,True,1,0.818279504776001
Reporting potential misconduct to manager or other channels,"# Resources to report potential misconduct 

Employees are expected to report potential misconduct to their manager. If employees are uncomfortable doing so, they can report through the other reporting channels listed below.",1,True,1,0.8958265781402588
Report concerns to Employee Relations 24 hours a day.,"If employees are uncomfortable doing so, they can report through the other reporting channels listed below. 

Reporting channels The EthicsLine is a third-party resource 

• Employee Relations available 24 hours a day, 7 days a week.",0,False,Not in top k,0.917186975479126
How to report ethics concerns by phone in the US.,"To the 

• EthicsLine by phone extent permitted by local or applicable laws and 

− U.S. and Canada (800) 382-7250 regulations, employees may choose to remain 

− non-U.S.",1,True,1,0.8249492645263672
Reporting anonymous tip internationally,"use link and select country for specific anonymous. 

dialing instructions 

• EthicsLine Online Reporting (https://wellsfargo.ethicspoint.",1,True,1,0.8301196098327637
Reporting misconduct to regulatory bodies outside the US,"ethicspoint.com/ )

Nothing prohibits an employee from reporting potential misconduct or potential noncompliance with laws and regulations by Wells Fargo directly to the applicable regulatory bodies or government agencies or authorities. 

Additional information for non-U.S.",1,True,1,0.8153705596923828
Reporting procedures for non US employees grievance resolution,"Additional information for non-U.S. based employees 

Where applicable, follow local grievance resolution or reporting procedures. If there is no specific grievance resolution or reporting procedure, use a reporting channel listed above.",1,True,1,0.8355667591094971
Cooperation with internal or external investigations at Wells Fargo.,"If there is no specific grievance resolution or reporting procedure, use a reporting channel listed above. 

Duty to cooperate 

Wells Fargo employees are expected to fully cooperate in any internal or external investigation that is being conducted or directed by Wells Fargo.",1,True,1,0.8622305393218994
Tampering with information during internal investigations.,"Employees must not withhold or tamper with information, or in any way attempt to influence others participating in the investigation.",1,True,1,0.8250536918640137
Reporting non misconduct concerns at work,"# Reporting concerns that are not misconduct 

Concerns unrelated to misconduct such as performance feedback, workplace disputes, inadvertent errors, business processes, or not following procedures should also be raised.",1,True,1,0.8260538578033447
Reporting channels for workplace disputes and performance concerns.,"Managers are the starting point to help resolve these concerns or guide employees to the appropriate reporting channel. Employees should consider the following reporting channels: 

• Employee Relations for performance concerns or workplace disputes.",1,True,1,0.8193221092224121
Reporting channels for workplace disputes at Wells Fargo.,"Employees should consider the following reporting channels: 

• Employee Relations for performance concerns or workplace disputes. 

• Control Management or Independent Risk Management for risks, errors, or business process concerns. 

• Wells Fargo Employee Assistance Consulting (U.S.)",1,True,1,0.953127384185791
Employee Assistance Program support for work difficulties,"• Wells Fargo Employee Assistance Consulting (U.S.) and Employee Assistance Program (International) for support in resolving personal and work-related difficulties. 

• Loudspeaker for ideas and business process improvements.",1,True,1,0.8342089653015137
Improvement ideas through loudspeaker system,"• Loudspeaker for ideas and business process improvements. 

• Policy Governance Platform (PGP) for identified policy violations, in accordance with the Policy Management Procedures. 

> 7 of 19 Code of Conduct
> TOC  Decision making",1,True,1,0.8260846138000488
Nonretaliation policy for reporting misconduct.,"> 7 of 19 Code of Conduct
> TOC  Decision making  Speak Up Introduction  Do what is right  Closing

# Nonretaliation commitment 

Wells Fargo prohibits retaliation against any employee who reports misconduct or speaks up in",0,False,Not in top k,0.8105130195617676
Reporting misconduct without retaliation policy,"commitment 

Wells Fargo prohibits retaliation against any employee who reports misconduct or speaks up in good faith about potential violations of company policies, procedures, this Code, or potential noncompliance with law.",0,False,Not in top k,0.8032751083374023
Retaliation against employees who report policy violations.,"potential violations of company policies, procedures, this Code, or potential noncompliance with law. Similarly, Wells Fargo prohibits retaliation against any employee who assists or participates in an investigation, proceeding, or hearing, or exercises any right protected by law.",1,True,1,0.8378827571868896
Reporting financial reporting code violations,"Employees must report potential retaliation using methods listed under Resources to report potential misconduct. 

# Accounting, internal controls, or auditing matters 

If an employee becomes aware of Code violations related to Wells Fargo’s financial reporting, accounting, internal controls,",1,True,1,0.798879861831665
Reporting internal control or audit violations to whom,"accounting, internal controls, or audit matters, then they must report such violations using a reporting channel listed under Resources to report potential misconduct or directly to the Audit Committee of the Board.",1,True,1,0.8213305473327637
Communicating with Board directors or committees process,Information about communicating with directors or other committees of the Board and the process for reviewing communications sent to the Board or its members is available on the Leadership and Governance page of wellsfargo.com .,1,True,1,0.8408422470092773
What to do in case of workplace violence threat,"# Safety concerns 

Acts of violence, threats or perceived threats should be taken seriously. In the event of immediate danger, employees should contact local law enforcement at 911 or other designated emergency number.",1,True,1,0.8797657489776611
Report non-emergency security threats to Wells Fargo.,"Non-emergency threats can be reported to the Wells Fargo Security Response Center at U.S. (877) 494-9355, non-U.S. call 

001‑480‑437‑7599 , or to a manager.",1,True,1,0.929358720779419
Eligibility requirements for banking industry employees.,"call 

001‑480‑437‑7599 , or to a manager. 

# Required employee self-reporting 

Wells Fargo has processes in place to confirm that each employee is eligible to work and participate in the banking industry.",0,False,Not in top k,0.8706762790679932
Criminal background check requirements for new hires,"Wells Fargo offers of employment are contingent upon the candidate successfully passing a criminal background check. Wells Fargo may also conduct additional background checks during employment. Unless prohibited by local law, employees must notify Employee Relations if they are convicted of,",1,True,1,0.8144998550415039
crime convictions involving dishonesty or breach of trust,"Unless prohibited by local law, employees must notify Employee Relations if they are convicted of, or enter a plea of guilty or no contest to, any crime involving dishonesty, breach of trust, money laundering, or the manufacture, sale, distribution,",1,True,1,0.830925703048706
Offenses impacting employment eligibility criteria,"breach of trust, money laundering, or the manufacture, sale, distribution, or trafficking of controlled substances so that Wells Fargo can assess whether the offense impacts the employee’s employment eligibility. 

> 8 of 19 Code of Conduct
> TOC",1,True,1,0.8381154537200928
Conflicts of interest in decision making process,"> 8 of 19 Code of Conduct
> TOC  Decision making  Speak Up Introduction  Do what is right  Closing

# Upholding our ethical and legal obligations 

# Identify and avoid conflicts of interest 

Wells Fargo is",0,False,Not in top k,0.8175857067108154
conflicts of interest in Wells Fargo policies,"Upholding our ethical and legal obligations 

# Identify and avoid conflicts of interest 

Wells Fargo is committed to identifying and either preventing or managing conflicts of interest.",1,True,1,0.8220136165618896
Conflict of interest company reputation jeopardy,"of interest 

Wells Fargo is committed to identifying and either preventing or managing conflicts of interest. Employees need to recognize that certain activities can cause an actual, potential, or perceived conflict of interest, or jeopardize the company’s integrity or reputation.",1,True,1,0.8213183879852295
Managing conflicts of interest in the workplace.,"Employees are expected to be transparent and to: 

• Identify and avoid conflicts where possible. 

• Pre-clear or disclose conflicts when required. 

• Mitigate or manage conflicts when necessary.",0,False,Not in top k,0.8756663799285889
What are employee conflict of interest disclosure requirements?,"• Pre-clear or disclose conflicts when required. 

• Mitigate or manage conflicts when necessary. 

• Conduct personal activities away from work, outside of scheduled work time, and at their own expense.",0,False,Not in top k,0.8959729671478271
pre-clearance of personal activities under company policies,"Some employees are subject to additional requirements and restrictions, including pre-clearance of personal activities under company business policies and procedures.",1,True,1,0.8104500770568848
pre-clearing employee activities with potential conflicts,"# Manage, mitigate, disclose, or pre -

# clear conflicts 

Employees need to pre-clear any activity that may give rise to a conflict prior to engaging in the activity. In addition, certain relationships and activities require disclosure to mitigate risk.",1,True,1,0.8490917682647705
Compliance instructions for mitigating conflict of interest,"In addition, certain relationships and activities require disclosure to mitigate risk. Once the pre-clearance or disclosure is processed, Compliance provides specific instructions on how to mitigate or manage any potential conflict of interest.",1,True,1,0.8213775157928467
Conflict of interest definition Wells Fargo employees,"Definitions 

A personal conflict of interest occurs when an employee acts, or appears to act, in their personal interest rather than acting in the interest of Wells Fargo or its customers.",1,True,1,0.8146178722381592
Using company property for personal benefit,"Examples of personal conflicts: 

• An employee receives an improper benefit or gift because of their position with Wells Fargo. 

• An employee uses company property, information, or position for personal benefit or to compete or divert business from Wells Fargo.",1,True,1,0.8189377784729004
Conflict of interest in advisory services and financing transactions.,"A business conflict of interest occurs when Wells Fargo’s interests conflict with those of a customer. 

Examples of business conflicts: 

• Providing advisory services to a customer on a transaction while providing financing to another customer on the same transaction.",1,True,1,0.827038049697876
acting as trustee to debt security investors,"• Acting as trustee to investors on a debt security and acting as a lender to the security issuer. 

> TOC  Decision making  Speak Up Introduction  Do what is right  Closing

Did you know?",1,True,1,0.8515815734863281
disclosing conflicts after engaging in activities,"Sometimes a conflict arises after engaging in an activity. In these situations, the conflict must be disclosed as soon as possible. 

> 9 of 19 Code of Conduct 10 of 19 Code of Conduct

# Examples of potential conflicts",1,True,1,0.8583652973175049
Examples of potential conflicts of interest in the Code of Conduct.,"of 19 Code of Conduct 10 of 19 Code of Conduct

# Examples of potential conflicts 

Below are some common situations where conflicts of interest may be present and how employees are expected to avoid the conflict of interest by not engaging in prohibited activities",1,True,1,0.9146578311920166
What situations require pre-clearance to avoid conflict of interest?,may be present and how employees are expected to avoid the conflict of interest by not engaging in prohibited activities or obtaining pre-clearance when required. The list of situations is not meant to be a complete list of every place a conflict can occur.,1,True,1,0.8574779033660889
Competing business owned by Wells Fargo employees.,"Outside activities 

Employees generally may not: 

• Own or operate a business that competes with Wells Fargo.",1,True,1,0.8116805553436279
Wells Fargo conflict of interest secondary employment rules,"• Accept secondary employment or perform consulting services with any entity that competes with Wells Fargo, otherwise conflicts with their Wells Fargo duties, or diverts Wells Fargo business.",1,True,1,0.8305716514587402
Salesperson conflict of interest own residence purchase,"• Act as a real estate salesperson, broker, or agent, except for the purchase or sale of their own residence.",1,True,1,0.8112103939056396
director positions without pre clearance,"• Accept a position with any for-profit business as a director, trustee, officer, general partner, or similar position of influence without pre-clearance. 

• Be compensated directly or indirectly for providing investment or legal advice.",1,True,1,0.8171534538269043
Conflict of interest in employee financial advice,"• Be compensated directly or indirectly for providing investment or legal advice. 

• Engage in activities related to the preparation, audit, or certification of statements or documents that Wells Fargo may rely on to make lending or other decisions related to any person or entity other than the employee.",0,False,Not in top k,0.8055844306945801
Wells Fargo volunteer and charitable activities policy,"• Speak on the company’s behalf in the media without prior approval or publish works related to their role or the company without prior approval. 

Volunteer and charitable activities 

Wells Fargo encourages employees to be active volunteers in the community.",1,True,1,0.8209807872772217
Volunteer activities requiring pre-clearance at Wells Fargo,"Volunteer and charitable activities 

Wells Fargo encourages employees to be active volunteers in the community. While many volunteer activities do not require pre-clearance, to avoid actual, potential, or perceived conflicts,",1,True,1,0.8294646739959717
Nonprofit financial management approval requirements.,"to avoid actual, potential, or perceived conflicts, employees must review pre-clearance requirements and when required obtain approval prior to engaging in certain nonprofit activities, including: 

• Managing the finances or investments of the nonprofit.",1,True,1,0.8953714370727539
Wells Fargo employee financial product influence policy.,"including: 

• Managing the finances or investments of the nonprofit. 

• Selecting or influencing selection of financial products or services. 

• Participating on the Board of an organization that is a Wells Fargo customer for more than deposit services.",0,False,Not in top k,0.8951292037963867
Soliciting funds from customers or employees for a nonprofit.,"• Receiving compensation for service. 

Employees may not solicit Wells Fargo customers, employees, or third-party service providers when raising funds for a nonprofit.",1,True,1,0.8542335033416748
workplace relationships interfering with job responsibilities,"Personal r elationships 

Personal relationships in the workplace may interfere with job responsibilities and decision making. For this reason, all employees, new hires,",1,True,1,0.8266360759735107
Wells Fargo employee personal relationship disclosure policy.,"For this reason, all employees, new hires, or rehires are required to disclose personal relationships (as defined in the Personal and Family Relationships at Work Policy) with other Wells Fargo employees or contingent resources so the relationship may be reviewed for potential conflicts.",1,True,1,0.840794563293457
Related Person Transaction Policy and Procedures requirements,"Additional requireme nts for the Board, executive officers, and certain stockholders and their immediate family members are outlined in the Related Person Transaction Policy and Procedures. 11 of 19 Code of Conduct 

# Examples of potential conflicts,",1,True,1,0.8331568241119385
Wells Fargo gift and entertainment policies.,"11 of 19 Code of Conduct 

# Examples of potential conflicts, continued 

Gifts and entertainment 

Wells Fargo permits giving and receiving business gifts and entertainment provided there is no reasonable inference that the gift or entertainment could influence the performance or decision making of any employee.",1,True,1,0.8435537815093994
Gifts and entertainment with business associates guidelines,"The gift or entertainment with any one individual or entity should occur infrequently and be consistent with accepted, lawful business practices and customs.",1,True,1,0.8301112651824951
Gifts for business referrals or advantages,"Employees should conduct themselves in accordance with the following expectations: 

• Refrain from giving and receiving gifts offered in exchange for business referrals or other business advantages.",1,True,1,0.8218348026275635
Gifts that are not allowed by Wells Fargo policy,"• Never give or receive gifts that are cash or cash equivalents, cannabis-related, or otherwise do not comply with our policies.",1,True,1,0.9219682216644287
preclearing gifts with government officials globally,• Follow requirements to pre-clear the exchange of any gift or entertainment with government officials or government entities through the Global Preclearance System. Gifts or entertainment provided to government officials or government entities are controlled by strict laws and regulations.,1,True,1,0.9125185012817383
Reporting payments to labor organizations or their representatives.,"Gifts or entertainment provided to government officials or government entities are controlled by strict laws and regulations. 

• Report a payment, loan, gift, entertainment, or anything else of value provided to labor organizations or their representatives, as these transactions are also subject to strict laws and regulations.",1,True,1,0.8367717266082764
gifts or entertainment in contract negotiations,"• Consult with a manager before providing gifts or entertainment to individuals or entities involved in contract negotiations or competitive bidding with Wells Fargo. 

Interactions with third parties 

When engaging with a third party on behalf of Wells Fargo,",1,True,1,0.826390266418457
Third party relationships creating conflict of interest risks,"Interactions with third parties 

When engaging with a third party on behalf of Wells Fargo, employees must confirm that the third party relationship does not create undue risks, including a conflict of interest,",1,True,1,0.8244984149932861
Third party relationships creating undue risks to internal controls.,"employees must confirm that the third party relationship does not create undue risks, including a conflict of interest, or impair the quality and independence of Wells Fargo’s internal controls, or the ability of relevant authorities to oversee and supervise compliance with regulatory requirements.",1,True,1,0.831557035446167
Employee participation in political activities allowed.,"or the ability of relevant authorities to oversee and supervise compliance with regulatory requirements. 

Political activities 

Employees have the right to participate in the political process and to support candidates, parties, or initiatives of their choice.",1,True,1,0.8040707111358643
What are Wells Fargo's policies on lobbying and pay-to-play laws?,"Such participation must be outside the workplace unless pre-cleared. Political activity is strictly regulated under 

U.S. lobbying and pay-to-play laws.",0,False,Not in top k,0.8722341060638428
Wells Fargo employee political activity disclosure requirements,"Political activity is strictly regulated under 

U.S. lobbying and pay-to-play laws. Employees must: 

• Be clear that personal political opinions and activities are not represented as those of Wells Fargo.",1,True,1,0.8671989440917969
Public office candidate pre-clearance approval requirements,"• Obtain pre-clearance approval before becoming, agreeing to become, or announcing intention to become a candidate or appointee to a public office. 

• Obtain pre-clearance approval before communicating with U.S.",1,True,1,0.8721837997436523
pre clearance approval for government business solicitations,• Obtain pre-clearance approval before communicating with U.S. government officials or entities for the purpose of soliciting new government business.,1,True,1,0.8885467052459717
Company political contributions without government relations approval,"government officials or entities for the purpose of soliciting new government business. 

• Never make political contributions on behalf of the company without prior approval from the Government Relations and Public Policy team.",1,True,1,0.8498272895812988
Wells Fargo campaign contribution policy Political Action Committees,"Company funds are never used for any campaign contributions, candidate campaign committees, political parties, caucuses, or independent expenditure committees. Wells Fargo supports U.S. candidates seeking public office only through Wells Fargo-sponsored Political Action Committees.",1,True,1,0.823993444442749
Wells Fargo employee political activity approval process.,"candidates seeking public office only through Wells Fargo-sponsored Political Action Committees. 

Covered employees and their family members are subject to additional requirements and restrictions, including approval of outside political activities, contributions, and fundraising under applicable laws.",1,True,1,0.8282361030578613
Wells Fargo employee professional designations requirements,"12 of 19 Code of Conduct 

# Examples of potential conflicts, continued 

Use of professional designations 

Wells Fargo acknowledges employees may maintain specialized, professional designations that may not relate to their duties with the company.",1,True,1,0.8369393348693848
Professional licenses and certifications required by employees.,"These include but are not limited to legal, medical, notary, accounting, and investment licenses and certifications.",1,True,1,0.8046112060546875
Fiduciary duties and professional designation requirements,"Employees must not misrepresent or use their professional designation if it is not appropriate for their role or if prohibited by company policy or applicable laws and regulations. 

Fiduciary and investment duties 

When executing fiduciary duties or responsibilities,",1,True,1,0.8248565196990967
Fiduciary duties when acting as investment manager,"Fiduciary and investment duties 

When executing fiduciary duties or responsibilities, acting as a trustee, investment manager, or in any similar capacity in which the company possesses investment discretion on behalf of another,",1,True,1,0.8345253467559814
Wells Fargo investment manager fiduciary duty policy.,"investment manager, or in any similar capacity in which the company possesses investment discretion on behalf of another, Wells Fargo acts in the best interest of our clients. If a conflict arises, the company puts the client’s interests ahead of its own.",1,True,1,0.8272905349731445
executor appointments in employee roles,"If a conflict arises, the company puts the client’s interests ahead of its own. 

Employees may accept appointments as an executor, personal representative, administrator, guardian, trustee,",1,True,1,0.8939745426177979
Executor appointments for personal relationships.,"Employees may accept appointments as an executor, personal representative, administrator, guardian, trustee, or any similar fiduciary capacity only for those with whom they have a personal relationship, unless the personal relationship developed in the context of a Wells Fargo customer relationship.",1,True,1,0.8089580535888672
Wells Fargo employee personal finance compliance laws.,"unless the personal relationship developed in the context of a Wells Fargo customer relationship. 

Personal finances, borrowing, and lending 

Wells Fargo expects all employees to handle their personal finances in compliance with laws and regulations.",1,True,1,0.8776693344116211
Conflict of interest transactions for personal relationships,"To avoid a conflict of interest employees must not: 

• Process transactions for themselves or anyone with whom they have a personal relationship, except for certain permitted brokerage transactions.",1,True,1,0.806598424911499
Wells Fargo repossessed property purchase policy,• Purchase real or personal property that Wells Fargo has repossessed or foreclosed or is marketing at its direction.,1,True,1,0.8107225894927979
Borrowing funds from employees or customers conflict of interest,"• Borrow or lend personal funds to employees, customers, or third parties when it creates an actual, potential, or perceived conflict of interest.",1,True,1,0.8115603923797607
Investing in customers or third parties without pre-clearance approval.,"• Invest in customers or third parties of Wells Fargo beyond permitted circumstances and without obtaining pre-clearance approval, when required.",1,True,1,0.8264672756195068
Who is subject to regulatory credit extension provisions?,"The Board, executive officers, and certain other employees expressly identified and notified by our General Counsel, or the Corporate Secretary, are subject to regulatory provisions related to extension of credit from Wells Fargo and its subsidiaries.",1,True,1,0.8665022850036621
Business practices compliance Wells Fargo standards,"Fair and honest business dealings 

Wells Fargo is committed to engaging in fair and honest business practices and being a responsible provider of credit in all our markets.",1,True,1,0.8769111633300781
Fair lending and sales practices expectations for employees.,"Employees and the Board are expected to deal fairly with Wells Fargo’s customers, suppliers, competitors, and employees, and engage in responsible lending and permissible sales practices.",1,True,1,0.887855052947998
Wells Fargo consumer fairness principles guidelines,Wells Fargo’s Treating Consumers Fairly Principles are standards to guide employee interactions with our customers and help ensure that consumer fairness considerations are central to the decisions we make about our products and services.,1,True,1,0.9020111560821533
Unfair dealing practices in the code of conduct.,"Wells Fargo strictly prohibits: 

• Taking unfair advantage of anyone through manipulation, concealment, abuse of privileged information, misrepresentation of material facts, or any other unfair-dealing practice.",0,False,Not in top k,0.8271365165710449
Prohibited discriminatory practices in the code of conduct.,"• Discriminating on the basis of race, ethnicity, age, gender, or other protected characteristics. 

• Engaging in unfair, deceptive, abusive, misleading, or fraudulent practices.",1,True,1,0.8549420833587646
Employee trading restrictions and insider trading policies.,"• Engaging in unfair, deceptive, abusive, misleading, or fraudulent practices. 

Insider trading and other trading restrictions 

Employees must never buy, sell,",1,True,1,0.8153657913208008
Trading securities with material nonpublic information.,"Insider trading and other trading restrictions 

Employees must never buy, sell, or otherwise transact in securities when they have material nonpublic information (MNPI) about the issuer of the securities,",1,True,1,0.8201050758361816
What is Material Nonpublic Information policy.,nor should they ever “tip” others by disclosing MNPI.,0,False,Not in top k,0.8420205116271973
disclosure of material nonpublic information in personal accounts,nor should they ever “tip” others by disclosing MNPI. These restrictions apply to transactions or trades conducted in the employee’s personal accounts or any other account over which the employee has influence or control and continue to apply even after the employee is no longer employed by Wells Fargo.,0,False,Not in top k,0.8244214057922363
What are employee trading policies and restrictions?,"Employees must: 

• Understand and follow any trading policies, firewall, and other restrictions that apply to them and their business.",1,True,1,0.8157837390899658
Reporting MNPI to Global Compliance Control Group,"• Report to the Global Compliance Control Group as soon as possible the receipt of any MNPI about customers or third parties. 

• Report to the Global Compliance Control Group any inadvertent disclosure or receipt of MNPI.",1,True,1,0.8976094722747803
Wells Fargo securities trading restrictions for employees.,"• Report to the Global Compliance Control Group any inadvertent disclosure or receipt of MNPI. 

Employees and the Board are prohibited from engaging in derivative or hedging transactions involving any company securities, including Wells Fargo common stock.",1,True,1,0.8779923915863037
Derivatives hedging prohibited in employee transactions,"This hedging prohibition applies to any type of transaction in securities that limits investment risk through the use of derivatives, such as options, puts, calls, futures contracts, or other similar instruments.",1,True,1,0.8687734603881836
Quarterly black-out periods for company securities employees,"The Board, executive officers, and certain other employees expressly identified and notified by the Personal Account Dealing Team in coordination with the Legal Department are subject to quarterly black-out or freeze periods involving company securities.",1,True,1,0.8192071914672852
Trading plans and U.S. securities law requirements,"Certain transactions that comply with applicable securities laws may be subject to specific exceptions from these requirements, including transactions under a trading plan that complies with U.S. securities law requirements. In addition to complying with U.S.",1,True,1,0.818004846572876
Wells Fargo securities law preapproval requirements,"securities law requirements. In addition to complying with U.S. securities laws, a trading plan must be preapproved by Wells Fargo’s General Counsel or Corporate Secretary.",1,True,1,0.8722598552703857
What is Wells Fargo's policy on bribery and corruption?,"> 13 of 19 Code of Conduct
> TOC  Decision making  Speak Up Introduction  Do what is right  Closing

Anti-bribery and anti-corruption 

Wells Fargo does not tolerate bribery or corruption in any form.",1,True,1,0.8543581962585449
bribes prohibited in the workplace,"Such conduct is against the law and the company prohibits it. Further, employees are prohibited from offering, accepting, or utilizing third parties to facilitate bribes.",1,True,1,0.826502799987793
Reporting suspected bribery or corruption policy,"Further, employees are prohibited from offering, accepting, or utilizing third parties to facilitate bribes. 

Employees must: 

• Report suspected bribery or corruption in accordance with the Anti-Bribery and Corruption Policy.",1,True,1,0.805952787399292
antitrust laws and fair competition practices,"• Comply with all pre-clearance and approval requirements related to transfers of anything of value, employment offers, and third parties. 

Competition and antitrust laws 

Free and fair competition benefits Wells Fargo and its customers.",0,False,Not in top k,0.8064589500427246
Compliance with antitrust laws in our operating jurisdictions.,"Competition and antitrust laws 

Free and fair competition benefits Wells Fargo and its customers. Wells Fargo is committed to protecting free and fair competition by complying with applicable antitrust and competition laws in the jurisdictions in which we operate.",0,False,Not in top k,0.8767170906066895
antitrust laws employee behavior restrictions,"To comply with antitrust and competition laws, employees must not engage in anticompetitive behavior including: 

• Agreeing with competitors to price fix, rig bids, allocate customers or territories, or restrict supply.",1,True,1,0.8153634071350098
Anti competitive business practices with competitors,"• Exchanging non-public, sensitive information with competitors outside of approved collaborations or activities. 

• Colluding with competitors to boycott certain customers, suppliers, or other third parties. 

• Abusing a position of market dominance.",1,True,1,0.8176162242889404
Anti-competitive agreements with other companies.,"• Abusing a position of market dominance. 

• Agreeing with another company not to hire or solicit each other’s employees or to restrict the terms of employee compensation.",1,True,1,0.8104519844055176
Escalating anticompetitive discussions with customers.,"If a competitor, customer, or third-party attempts to engage an employee in an anticompetitive discussion, that employee must stop the discussion and promptly escalate the matter according to the Anticompetitive Behavior Policy.",1,True,1,0.8269619941711426
Compliance with financial crimes and sanctions regulations,"> 14 of 19 Code of Conduct
> TOC  Decision making  Speak Up Introduction  Do what is right  Closing

# Global compliance 

Wells Fargo is committed to combating financial crimes and complying with applicable financial crimes, sanctions,",0,False,Not in top k,0.8031520843505859
Compliance with international trade and tax laws.,"sanctions, trade, and tax laws and regulations.",1,True,1,0.8321883678436279
Wells Fargo money laundering responsibilities globally.,"sanctions, trade, and tax laws and regulations. 

Financial crimes and money laundering 

As a global financial institution, Wells Fargo has important responsibilities to help combat money laundering and other financial crimes including tax evasion, terrorist financing, identity theft, bribery, corruption, sanctions evasion, and fraud.",1,True,1,0.8428077697753906
Compliance with global anti-money laundering regulations.,"We are committed to complying with all applicable global laws and regulations related to anti-money laundering, sanctions, countering the financing of terrorism, bribery, and corruption, and following applicable tax rules.",1,True,1,0.8184864521026611
Financial crimes due diligence requirements for employees.,"Employees must: 

• Complete all financial crimes-related due diligence and know your customer requirements. 

• Be alert to—and report—any unusual activity according to applicable procedures.",1,True,1,0.8725273609161377
tax evasion reporting procedures,"• Be alert to—and report—any unusual activity according to applicable procedures. 

• Avoid knowingly assisting in any form of tax evasion, including providing advice on how to avoid tax obligations. 

Sanctions, embargos,",1,True,1,0.8973429203033447
Countries we are prohibited from doing business with,"Sanctions, embargos, and antiboycott 

Wells Fargo is committed to following applicable sanctions, trade and tax laws, and regulations that prohibit the company from doing business with certain countries, groups, or individuals,",1,True,1,0.8611950874328613
prohibited business countries and groups associated with terrorism,"and regulations that prohibit the company from doing business with certain countries, groups, or individuals, including those associated with terrorism, narcotics trafficking, or nuclear weapons proliferation.",1,True,1,0.838416337966919
Compliance with sanctions and antiboycott laws globally.,"groups, or individuals, including those associated with terrorism, narcotics trafficking, or nuclear weapons proliferation. We do this by establishing and maintaining policies and procedures that are reasonably designed to comply with sanctions, antiboycott laws, and regulatory guidance in jurisdictions in which we operate.",1,True,1,0.8225631713867188
International boycott cooperation policy antiboycott laws,The company does not cooperate with unsanctioned international boycott requests or actions taken to evade antiboycott laws.,1,True,1,0.8147614002227783
Protecting Wells Fargo assets and information,"> 15 of 19 Code of Conduct
> TOC  Decision making  Speak Up Introduction  Do what is right  Closing

# Protecting Wells Fargo assets 

Employees are responsible for protecting and appropriately using information, property,",0,False,Not in top k,0.8381693363189697
Protecting company reputation and mitigating potential risks.,"property, and other Wells Fargo assets under their control. This includes protecting the company’s reputation by identifying and mitigating potential risks.",0,False,Not in top k,0.9006087779998779
Protecting company assets from theft and misuse.,"This includes protecting the company’s reputation by identifying and mitigating potential risks. 

Employee responsibilities include: 

• Protecting company assets under their control from theft, waste, misuse, loss, and damage.",1,True,1,0.8381369113922119
securing company devices while working remotely,"• Keeping company-owned laptops, mobile devices, and digital storage media safe and secure whether in the office, working remotely, or traveling.",1,True,1,0.8812379837036133
Wells Fargo asset use for business purposes,"• Using Wells Fargo assets and the company name, logo, and trademarks only for legitimate Wells Fargo business purposes.",1,True,1,0.9189515113830566
personal use of company devices policy,"Limited personal use of company-owned phones, computers, electronics, and company networks is allowed, but good judgment must be used to ensure that personal use does not interfere with the work environment or in any way violate our policies or security requirements.",1,True,1,0.8206734657287598
Corporate card usage for business expenses only,"• Using their corporate card in a responsible manner and only for business-related expenses. 

Employees are not permitted to: 

• Allow unauthorized persons to use Wells Fargo equipment or access Wells Fargo facilities.",1,True,1,0.8713972568511963
Information security responsibilities at Wells Fargo.,"• Sell, lend, or donate company assets without the appropriate approval. 

Information security and electronic communications 

Wells Fargo employees and the Board have responsibilities to keep Wells Fargo information safe and secure.",1,True,1,0.8369407653808594
Protecting employee credentials and personal identification numbers.,"This includes information about Wells Fargo, consumers, customers, employees, our third parties, and legal or regulatory matters. 

Employee responsibilities include: 

• Safeguard and protect credentials including user identification numbers, passwords, and personal identification numbers.",1,True,1,0.8371443748474121
Protecting customer personal data confidentiality,"• Secure and maintain the confidentiality of Wells Fargo information and use only for legitimate business purposes. Did you know? 

• Protect Personally Identifiable Information and The concept of Confidential Supervisory 

personal data of consumers, customers,",1,True,1,0.8246562480926514
Information Security Incident Reporting Requirements,"customers, and Information (CSI) is broad and includes both 

employees from inappropriate use, access, disclosure, written and oral supervisory correspondence 

or destruction.",0,False,Not in top k,0.8223984241485596
Protecting confidential Wells Fargo communications from unauthorized access.,"access, disclosure, written and oral supervisory correspondence 

or destruction. and other communications between Wells 

• Stay alert and guard against scams and phishing Fargo and a primary federal banking regulator. 

attempts.",0,False,Not in top k,0.8819167613983154
Protecting confidential supervisory information owned by regulators.,"attempts. CSI is the property of federal banking regulators, 

• Protect confidential supervisory information (CSI). even if the CSI is in the possession of Wells 

• Preserve the confidentiality of Wells Fargo attorney- Fargo.",1,True,1,0.8328309059143066
Reporting compromised client data to Compromised Data team.,"client privileged or work product protected information. 

• Identify and report possible compromised data incidents to Compromised Data.",1,True,1,0.8785402774810791
Protecting company intellectual property guidelines,"• Identify and report possible compromised data incidents to Compromised Data. 

> 16 of 19 Code of Conduct
> TOC  Decision making  Speak Up Introduction  Do what is right  Closing

Intellectual property 

Employees must protect and use appropriately intellectual property,",1,True,1,0.8691716194152832
Wells Fargo intellectual property disclosure requirements,"including patents, copyright, trademarks, and trade secrets. All intellectual property that is developed while working for Wells Fargo must be disclosed to Wells Fargo and it cannot be used externally or published without written permission.",1,True,1,0.85079026222229
Using proprietary information from previous employer.,"Employee responsibilities include: 

Did you know? • Not using proprietary information acquired while working at another company, and not pressuring Employee social media guidelines include: 

other employees to do so.",1,True,1,0.8269627094268799
Wells Fargo proprietary information confidentiality after leaving.,"• Avoid posting anything obscene, threatening, 

• Not disclosing or using Wells Fargo proprietary harassing, discriminatory, abusive, or disparaging 

information after leaving the company. to customers or employees.",1,True,1,0.8628158569335938
What information is considered confidential at Wells Fargo?,"to customers or employees. 

• Not sharing internal use, confidential, or restricted information. 

• Maintain the confidentiality of Wells Fargo trade secrets and confidential information.",1,True,1,0.8813340663909912
accounting standards for employees at Wells Fargo,"• Maintain the confidentiality of Wells Fargo trade secrets and confidential information. 

Accurate records and disclosures 

Wells Fargo and its employees must follow applicable accounting standards, policies, procedures, internal controls, and legal requirements.",1,True,1,0.820366382598877
Maintaining accurate data in employee responsibilities.,"The company is committed to accurate, timely, and clear disclosures to regulatory authorities, customers, shareholders, and the public. 

Employee responsibilities include: 

• Never falsifying data or information. 

• Maintaining accurate data or information.",1,True,1,0.8399698734283447
Recording payments to third parties accurately.,"• Maintaining accurate data or information. 

• Accurately recording all payments to, and business transactions with, or conducted by third parties. 

• Timely reporting of an error in any of our books or records.",1,True,1,0.8668882846832275
Reporting errors in company books or records.,"• Timely reporting of an error in any of our books or records. 

• Obtaining proper authorization or consent for, and never falsifying or improperly altering, legal documents, company forms, applications, or agreements.",1,True,1,0.889458417892456
Signing blank or incomplete documents by customers or vendors,"• Never signing a blank or incomplete document or asking a customer or vendor to do so. 

• Following records retention guidelines and complying with legal hold notices as appropriate.",1,True,1,1.0552024841308594
compliance with legal hold notices and expense approval policies,"• Following records retention guidelines and complying with legal hold notices as appropriate. 

• Processing all expenses accurately, timely, and through required channels; reviewing expenses for adherence to policies; and ensuring approvals are provided by someone with the proper authority.",1,True,1,0.8267881870269775
Reporting government agency requests to Regulatory Relations.,"• Notifying Regulatory Relations as appropriate of any government or regulatory agency requests. 

> 17 of 19 Code of Conduct
> TOC  Decision making  Speak Up Introduction  Do what is right  Closing TOC  Decision making  Speak",1,True,1,0.816542387008667
Wells Fargo workplace anti-harassment policies,"Decision making  Speak Up Introduction  Do what is right  Closing TOC  Decision making  Speak Up Introduction  Do what is right  Closing  Resources

# Our workplace 

# Anti-harassment and anti-discrimination 

Wells Fargo",0,False,Not in top k,0.8626518249511719
Workplace harassment and discrimination policies Wells Fargo,"Resources

# Our workplace 

# Anti-harassment and anti-discrimination 

Wells Fargo is dedicated to providing a workplace free from harassment and discrimination based on an individual’s race, ethnicity, age, gender, or other protected characteristics.",1,True,1,0.8211779594421387
Prohibited behaviors on company property and communication systems.,"discrimination based on an individual’s race, ethnicity, age, gender, or other protected characteristics. This includes, but is not limited to, on company property or company communication systems, during remote work or business travel, at company-sponsored events, or otherwise in connection with company business.",1,True,1,0.8320984840393066
Wells Fargo policy on workplace harassment and discrimination.,"Any such harassment or discrimination is against Wells Fargo policy, may violate the law, and will not be tolerated.",1,True,1,0.8257279396057129
Reporting harassment or discrimination in the workplace,"In the event of harassment or discrimination, employees are required to promptly report it using a reporting channel described in the Resources to report potential misconduct section.",1,True,1,0.8499035835266113
Career advancement opportunities at Wells Fargo.,"Hiring and advancement opportunities 

At Wells Fargo, we strive to provide advancement opportunities for our employees.",1,True,1,0.8080909252166748
Affirmative Action and Equal Employment Opportunity policies.,"We recruit, hire, and promote employees based on their individual ability and experience and in accordance with Affirmative Action and Equal Employment Opportunity laws and regulations. Wells Fargo is committed to providing all applicants and employees, regardless of race, gender,",0,False,Not in top k,0.8883614540100098
Equal employment opportunity for all applicants and employees,"Wells Fargo is committed to providing all applicants and employees, regardless of race, gender, culture, sexual orientation, religion, veteran status, ability, and other dimensions of diversity, with equal consideration for hire, promotion, transfer, wage increases,",0,False,Not in top k,0.8866817951202393
Workplace safety policies and procedures.,"and other dimensions of diversity, with equal consideration for hire, promotion, transfer, wage increases, and training. 

# Workplace safety 

Wells Fargo is dedicated to maintaining a safe work environment.",0,False,Not in top k,0.8319780826568604
Workplace safety policy on substance use.,"# Workplace safety 

Wells Fargo is dedicated to maintaining a safe work environment. 

All employees are required to perform their job duties unimpaired by illegal drugs, alcohol, or by the improper use of legal substances.",1,True,1,0.8127660751342773
violence in the workplace policy,"Under no circumstances will the company tolerate physical violence or threats. To support a violence-free workplace our employees are not permitted to carry, either openly or in a concealed manner,",1,True,1,0.8559017181396484
Company employees allowed to carry firearms on premises.,"either openly or in a concealed manner, any weapon (such as a knife or firearm) while on company premises or at company-sponsored events unless they are company-authorized security personnel.",1,True,1,0.8293743133544922
Reporting workplace violence safety concerns,Any perceived threats of workplace violence and safety concerns should be reported immediately through the appropriate channel described in the Reporting safety concerns section.,1,True,1,0.8244249820709229
Wells Fargo human rights commitment statement,"# Valuing human rights 

At Wells Fargo, we recognize the responsibility — and opportunity — we have to make a positive impact on society. Wells Fargo is committed to respecting human rights throughout our operations, products, and services.",1,True,1,0.8816416263580322
Respecting human rights in business operations.,"Wells Fargo is committed to respecting human rights throughout our operations, products, and services. 

We encourage our employees to: 

• Respect the rights and dignity of everyone with whom we do business.",0,False,Not in top k,0.8325231075286865
preventing human rights abuses in the workplace,"Respect for human dignity begins with our daily interactions with one another and with our customers. It includes promoting diversity and accommodating disabilities. 

• Support efforts to help prevent human rights abuses including modern slavery and human trafficking.",0,False,Not in top k,0.8859446048736572
Reporting human rights abuses in operations or with customers,"• Support efforts to help prevent human rights abuses including modern slavery and human trafficking. 

• Report any suspicion or instance of human rights abuses in our operations or related to any specific customer, investment activity, or the operations of our suppliers. 

>",1,True,1,0.9030749797821045
What is Wells Fargo's commitment to employee conduct?,"> 18 of 19 Code of Conduct
> TOC  Decision making  Speak Up Introduction  Do what is right  Closing

# In closing 

Wells Fargo is committed to maintaining an environment where employees are encouraged and supported in doing the",0,False,Not in top k,0.8212149143218994
what is wells fargo's commitment to ethics,"closing 

Wells Fargo is committed to maintaining an environment where employees are encouraged and supported in doing the right thing in the right way.",0,False,Not in top k,0.9175875186920166
What does integrity mean in the Wells Fargo code of conduct.,"maintaining an environment where employees are encouraged and supported in doing the right thing in the right way. 

We value the trust of our employees, customers, and stakeholders and recognize it’s something we must earn – every day – by holding ourselves and one another accountable for acting with the utmost integrity in all our interactions.",0,False,Not in top k,0.8613638877868652
Waivers to Code for executive officers disclosure requirements.,"# Waivers and exceptions 

Any waivers or exceptions to the Code for executive officers or the Board may only be made by the Board or designated Board committee and will be promptly disclosed to our shareholders in accordance with legal and regulatory requirements.",1,True,1,0.8214373588562012
What are consequences for violating employee code of conduct?,"# Violations 

Any violation of the provisions of the Code or the referenced policies and guidelines is grounds for corrective action, which may include termination of employment.",1,True,1,0.8147916793823242
What are consequences of violating employee code of conduct?,"Certain violations may also result in legal proceedings, including prosecution for criminal violations, impacts to the employee’s licensing, and financial industry employment eligibility.",1,True,1,0.8232998847961426
